﻿<?xml version="1.0" encoding="utf-8" ?>
<c2eventsheet>
    <!--All the 'name' attributes are ignored by Construct 2 - they are there for readability only.-->
    <name>Loading</name>
    <events>
        <event-block sid="177888827006901">
            <conditions>
                <condition behavior="Fade" id="0" name="On fade-out finished" sid="272891330114075" type="Fade" />
                <condition id="-20" inverted="1" name="Is on mobile device" sid="720420715998900" type="System" />
            </conditions>
            <actions>
                <action id="-2" name="Go to layout" sid="201108664461848" type="System">
                    <param id="0" name="Layout">Login</param>
                </action>
            </actions>
        </event-block>
        <event-block sid="346031729043669">
            <conditions>
                <condition behavior="Fade" id="0" name="On fade-out finished" sid="663703974296753" type="Fade" />
                <condition id="-20" name="Is on mobile device" sid="127123418670490" type="System" />
            </conditions>
            <actions>
                <action id="-2" name="Go to layout" sid="975443017468582" type="System">
                    <param id="0" name="Layout">Mobile</param>
                </action>
            </actions>
        </event-block>
        <event-block sid="434465476142600">
            <conditions>
                <condition id="-25" name="On loader layout complete" sid="925170849742259" type="System" />
            </conditions>
            <actions>
                <action id="-16" name="Wait" sid="168157390299203" type="System">
                    <param id="0" name="Seconds">1.0</param>
                </action>
                <action id="-15" name="Set visible" sid="271296433329329" type="Fade">
                    <param id="0" name="Visibility">1</param>
                </action>
                <action behavior="Fade" id="1" name="Start fade" sid="104593231171857" type="Fade" />
            </actions>
        </event-block>
        <event-block sid="940989369833545">
            <conditions>
                <condition id="-2" name="On start of layout" sid="255600102399072" type="System" />
            </conditions>
            <actions>
                <action id="5" name="Set web font" sid="279958508489286" type="Text">
                    <param id="0" name="Family name">&quot;basicregular&quot;</param>
                    <param id="1" name="CSS URL">&quot;stylesheet.css&quot;</param>
                </action>
            </actions>
        </event-block>
    </events>
</c2eventsheet>
